Image URL,Page Path,Content Type
https://ucarecdn.com/1ad727b2-5db5-41b9-a4db-05f26e34f273/,/site-metadata,global-settings
https://ucarecdn.com/49be09ea-3ce2-4210-9ba7-a0adc16e456d/,/posts/lee-coombs-live-at-gunitas-tavern-the-cityfox-odyssey-nye-2019,post
https://ucarecdn.com/bbe3a489-f97f-4f14-98ab-225599eedb99/,/posts/art-with-me-miami,post
https://ucarecdn.com/61556416-3ad1-46a1-b75d-e87d5977854a/,/posts/the-real-deal-party-feel-feat-atish-listed-friends,post
https://ucarecdn.com/a357f477-bccf-40df-8615-24ee4f8e0390/,/posts/the-real-deal-party-feel-16-hour-marathon,post
https://ucarecdn.com/fe3d2916-fd80-4e35-9eb5-7b1445eb6042/,/posts/emc-podcast-with-gunita,post
https://ucarecdn.com/08742760-d1d4-4d57-997e-edc5794e3a3a/,/posts/ben-annand-stellar-mix,post
https://ucarecdn.com/820b2880-23be-4565-9f5e-503cac6cf7b7/,/posts/this-is-another-test,post
https://ucarecdn.com/d98bea83-eb6a-4abe-a3be-a9f206396b8d/-/crop/1081x979/0,0/-/preview/,/posts/this-button,post
https://ucarecdn.com/83a3c73d-f234-4086-9fad-cee3a9626230/,/post-categories/updates,category
https://ucarecdn.com/db0b1431-8739-426f-970d-8a80eacf02ef/-/preview/-/rotate/270/,/post-categories/news,category
https://ucarecdn.com/8f0c2645-088d-4ecd-8e40-3acf1ecc08ad/-/preview/,/productions,page
https://ucarecdn.com/ddb18fe5-3a50-47a8-84b0-60f655b4bc33/,/productions,page-video
https://ucarecdn.com/0dbf7a50-3196-449d-9a2e-c3661e4eadc8/,/productions,page-video-poster
https://ucarecdn.com/4fb47e46-bc42-4ce1-9fef-2f28975dca13/,/productions,page-gallery
https://ucarecdn.com/5a840610-e961-4cab-98a4-03b99cdb1539/,/productions,page-gallery
https://ucarecdn.com/8379658b-efa6-4c30-8c5c-c403be80a1f4/,/productions,page-gallery
https://ucarecdn.com/503495ad-cf15-40ac-8bb9-498d150b6505/,/news,page
https://ucarecdn.com/fad27b18-d28c-4ef2-ad9d-050ddae173d7/,/home,page-featured
https://ucarecdn.com/fad27b18-d28c-4ef2-ad9d-050ddae173d7/,/home,page-featured2
https://ucarecdn.com/33e020b7-c129-4a9b-9a85-1876beef1b5d/,/home,page-featured3
https://ucarecdn.com/efacb135-19a0-45e0-af94-33e9fe01b72f/-/crop/2000x1485/0,0/-/preview/,/home,page-featured4
https://ucarecdn.com/0eccca9b-467c-473f-950c-9f419503f636/,/home,page-featured5
https://ucarecdn.com/15d81712-a4ae-4154-b161-574b784c87c3/,/home,page-featured6
https://ucarecdn.com/1ad727b2-5db5-41b9-a4db-05f26e34f273/,/contact,page
https://ucarecdn.com/1ad727b2-5db5-41b9-a4db-05f26e34f273/,/artists,page
https://ucarecdn.com/931f8f7f-6ca2-40f8-b2cc-f86be00d2483/,/artists/niki-sadeki,artist
https://www.listedbookings.com/images/camea.png,/artists/camea,artist
https://ucarecdn.com/f5d21d7d-e91e-4a92-8be3-a12522562f32/,/artists/formerly,artist
https://ucarecdn.com/6c6d7932-4175-411d-a7da-32ce4aa626b7/,/artists/beauty-the-beast,artist
https://ucarecdn.com/d860f1e3-bdf5-464b-92e4-d13fde7b8182/-/crop/2449x1312/0,234/-/preview/,/artists/saqib,artist
https://ucarecdn.com/9be24a91-dfb3-4159-bf98-88d59dfac105/-/crop/1500x762/0,184/-/preview/,/artists/reza-safinia,artist
https://ucarecdn.com/de96e1e9-a6ae-4c51-ab56-869643793b4c/-/crop/2772x1644/0,328/-/preview/,/artists/matt-caines,artist
https://ucarecdn.com/c5a62220-609b-4577-ad70-9ffeda08ba53/,/artists/n-um,artist
https://www.listedbookings.com/images/Sinca.jpeg,/artists/sinca,artist
https://ucarecdn.com/7083a389-24ef-4961-b0b2-f76d5470b7bd/-/crop/1510x478/0,0/-/preview/,/artists/atnarko,artist
https://ucarecdn.com/a270e38c-0453-4534-a63a-0c2db6adc47d/,/artists/anja-schneider,artist
https://ucarecdn.com/e2d24b63-d194-4367-b41d-885f7d030829/,/artists/philipp-jung,artist
https://ucarecdn.com/8d345eaf-967c-4ede-8a5b-0f7119284ffd/-/crop/1200x1310/0,364/-/preview/,/artists/ray-zuniga-touch-of-class-living,artist
https://ucarecdn.com/63fa0a5b-f63d-4fc3-9524-da8bebd295ab/-/crop/2423x1451/0,181/-/preview/,/artists/h-foundation,artist
https://ucarecdn.com/c4b8abf6-ac43-4721-bddc-75ab95a2c3c9/,/artists/bilaliwood,artist
https://ucarecdn.com/6bf3665b-4bdb-40f4-97df-f391ccca63f0/,/artists/nitin,artist
https://ucarecdn.com/824eafae-0692-4ea8-8a67-811d3cc9385d/,/artists/galen,artist
https://ucarecdn.com/c7ad9872-6efc-435f-b5bc-3c7e5b831b6a/,/artists/holmar,artist
https://ucarecdn.com/91ad8713-bc76-416f-bc32-31083ff02396/-/crop/1074x389/85,0/-/preview/,/artists/nikita,artist
https://ucarecdn.com/f2a97700-3c27-497d-8f2d-942ae5b39683/-/crop/1069x385/90,4/-/preview/,/artists/nico-stojan,artist
https://ucarecdn.com/818a7339-1a41-4ed7-940f-de12d41e991e/-/crop/1060x389/94,0/-/preview/,/artists/naveen-g,artist
https://ucarecdn.com/37948408-e440-4cab-b5ea-d56c5d8b943e/-/crop/1070x389/89,0/-/preview/,/artists/mr-c,artist
https://ucarecdn.com/d778dc85-18eb-422d-a49b-3946a305fcdb/-/crop/1083x389/81,0/-/preview/,/artists/mightykat,artist
https://ucarecdn.com/b5c1e53f-cf2e-4b7e-b32f-0225f72a783f/,/artists/maxi-storrs,artist
https://ucarecdn.com/e8fc9726-414b-40c7-bf00-889a27233f65/-/crop/1084x389/81,0/-/preview/,/artists/mark-slee,artist
https://ucarecdn.com/3d565d4a-e22f-443e-acd6-2599423d7149/-/crop/1080x389/84,0/-/preview/,/artists/m-o-n-r-o-e,artist
https://ucarecdn.com/0f7133e3-9492-458f-b2e9-1b3595583245/-/crop/1079x389/85,0/-/preview/,/artists/lovestruckk,artist
https://ucarecdn.com/53bab04b-82f5-4cb1-baa3-99a3e58a5704/-/crop/1077x389/85,0/-/preview/,/artists/kmln,artist
https://ucarecdn.com/b98fe687-6294-42b3-be9e-aa23ad3a760a/-/crop/1077x389/85,0/-/preview/,/artists/justin-marchacos,artist
https://ucarecdn.com/e56ca588-fc32-4ece-a0e9-ddb89b3a89f4/-/crop/2449x1255/0,0/-/preview/,/artists/jay-tripwire,artist
https://ucarecdn.com/efda51b7-ef17-4a0c-83df-c29052e0435b/-/crop/1075x389/85,0/-/preview/,/artists/halo-varga,artist
https://ucarecdn.com/780eec47-74cd-4fa6-89bd-86e25ed724ec/,/artists/dory,artist
https://ucarecdn.com/3c2bd72d-bd87-48ad-8707-ba5a07e8f951/-/crop/1075x387/86,0/-/preview/,/artists/ben-annand,artist
https://ucarecdn.com/3c725c53-b45f-49b6-bb50-d14105b43956/-/crop/1078x389/86,0/-/preview/,/artists/atish,artist
https://ucarecdn.com/1c212d92-6926-4e90-ab62-3b0baddb786c/-/crop/700x444/0,0/-/preview/,/artists/sadgasdgdasgsdg,artist
https://ucarecdn.com/3ce1b407-7d43-413f-a45a-c0699ede8f8b/,/_optional,metadata
/images/logo.jpg,/site-wide,static-logo-manifest
/images/logo.png,/site-wide,static-logo
/images/logo.svg,/site-wide,static-logo-svg
/images/llogo.png,/site-wide,static-logo-variant
/images/banner.jpeg,/site-wide,static-banner
/images/1.jpg,/site-wide,static-image
/images/2.jpg,/site-wide,static-image
/images/bg1.jpg,/site-wide,static-background
/images/calendar.svg,/site-wide,static-icon
/images/camea.png,/site-wide,static-artist
/images/h1vl_rbg.png,/site-wide,static-image
/images/mainone.png,/site-wide,static-main
/images/ra.png,/site-wide,static-ra-logo
/images/ra4.png,/site-wide,static-ra-logo-variant
/images/Sinca.jpeg,/site-wide,static-artist
/favicon.ico,/site-wide,favicon
